{"cameraMode":{"drawMode":0,"name":"Shaded","section":"Shading Mode"},"sceneLighting":true,"audioPlay":false,"sceneViewState":{"showFog":true,"showMaterialUpdate":false,"showSkybox":true,"showFlares":true,"showImageEffects":true,"showParticleSystems":true},"in2DMode":false,"pivot":{"x":-1.1885207891464234,"y":2.2491254806518556,"z":2.5398519039154054},"rotation":{"x":0.058119095861911777,"y":0.9161375761032105,"z":-0.14408831298351289,"w":0.3695315420627594},"size":0.013439416885375977,"orthographic":false}